2023-09-27 23:49:15,2024-07-13 23:11:06,1,1,53,42
2022-12-16 18:21:15,2024-01-09 19:59:55,2,2,36,3
2022-12-03 06:52:20,2024-10-27 09:06:44,3,3,62,42
2022-04-17 00:46:05,2024-09-07 02:23:10,4,4,53,89
2023-02-10 00:12:32,2024-04-10 01:57:40,5,5,56,33
2022-10-26 08:28:59,2024-03-25 22:13:08,6,6,46,4
2023-02-21 02:18:49,2024-03-04 17:19:44,7,7,55,75
2023-08-10 01:46:55,2023-12-30 07:28:50,8,8,63,80
2023-01-01 14:42:45,2025-06-12 10:01:03,9,9,81,70
2022-03-02 11:56:38,2024-05-29 16:20:07,10,10,72,95
2022-02-01 14:09:59,2025-07-11 20:37:25,11,11,18,95
2023-08-26 04:41:30,2025-02-13 12:14:13,12,12,62,86
2023-06-25 00:08:50,2025-07-31 22:35:37,13,13,43,53
2023-03-15 19:10:52,2025-04-20 23:18:32,14,14,61,58
2023-01-08 23:02:24,2024-04-30 15:42:04,15,15,89,67
2023-08-02 16:22:04,2024-03-18 04:27:13,16,16,37,56
2023-12-04 09:33:08,2024-10-22 19:53:44,17,17,92,13
2022-02-25 18:48:02,2024-12-16 00:26:03,18,18,49,19
2022-02-09 02:11:20,2024-05-03 03:42:17,19,19,85,35
2023-01-29 22:05:59,2025-05-10 14:41:33,20,20,21,89
2023-08-17 17:17:01,2025-04-21 15:04:20,21,21,61,71
2022-03-31 19:55:54,2025-03-07 06:02:41,22,22,77,23
2023-03-08 05:57:57,2025-09-14 09:52:19,23,23,50,12
2022-01-19 13:44:08,2025-09-01 12:13:51,24,24,81,35
2022-11-02 13:28:33,2025-09-01 01:34:44,25,25,30,13
2022-09-25 10:40:30,2024-06-02 02:03:00,26,26,76,10
2022-12-12 17:16:45,2024-07-20 21:54:33,27,27,6,44
2023-11-15 23:10:41,2024-04-13 12:05:20,28,28,2,38
2023-03-19 22:51:32,2025-01-01 22:10:51,29,29,26,27
2022-02-22 23:36:46,2025-05-04 16:08:01,30,30,100,99
2023-09-06 07:13:16,2024-12-29 11:33:11,31,31,53,38
2022-10-26 03:04:37,2024-06-04 15:24:18,32,32,8,19
2023-10-16 20:15:15,2024-01-10 22:52:14,33,33,44,1
2022-12-03 07:31:57,2025-06-26 22:36:01,34,34,33,74
2023-06-30 23:39:54,2024-05-31 20:05:26,35,35,27,74
2023-04-20 08:39:40,2025-03-03 17:59:33,36,36,35,76
2023-07-24 13:58:24,2024-04-05 10:22:04,37,37,77,45
2022-07-28 18:38:35,2024-03-29 11:51:04,38,38,82,94
2023-09-05 12:06:41,2024-12-04 02:47:15,39,39,67,40
2022-05-13 16:53:47,2025-03-28 06:22:30,40,40,66,7
2023-05-25 15:26:44,2024-04-27 15:36:16,41,41,95,90
2023-07-03 01:31:02,2024-08-19 09:04:33,42,42,49,64
2022-12-18 05:18:17,2025-06-11 20:04:23,43,43,49,94
2023-07-01 11:11:47,2024-12-24 20:04:23,44,44,64,21
2022-06-16 21:50:17,2025-01-13 10:35:31,45,45,91,14
2022-12-04 14:26:49,2024-03-01 04:30:40,46,46,6,70
2021-12-19 22:47:01,2024-10-20 21:48:30,47,47,85,17
2023-02-12 01:49:37,2025-02-18 18:45:05,48,48,98,72
2023-08-25 02:03:08,2024-05-10 18:22:06,49,49,77,58
2022-12-22 03:58:36,2024-01-28 02:48:14,50,50,94,83
2023-03-10 14:07:49,2025-04-06 11:42:36,51,51,68,54
2022-04-10 04:23:54,2024-02-24 00:16:14,52,52,64,90
2022-10-11 20:54:46,2025-05-02 14:22:04,53,53,21,85
2022-08-16 23:21:55,2024-10-21 14:33:58,54,54,88,47
2023-06-08 06:26:57,2024-12-30 22:24:24,55,55,46,81
2022-11-11 10:06:38,2025-05-05 13:52:29,56,56,79,30
2022-04-28 17:47:42,2025-06-04 00:28:17,57,57,17,71
2021-12-26 09:35:48,2025-05-04 06:41:24,58,58,16,40
2023-12-18 15:27:40,2025-06-17 16:55:34,59,59,7,92
2022-11-30 09:39:35,2024-07-18 17:50:06,60,60,27,50
2023-05-16 11:01:17,2024-02-02 05:38:08,61,61,18,64
2022-01-07 06:47:46,2024-09-04 06:10:14,62,62,43,87
2022-07-03 11:46:12,2024-02-25 02:33:11,63,63,46,92
2022-06-12 21:57:32,2025-05-10 03:29:41,64,64,98,54
2023-06-28 02:09:10,2024-08-02 17:25:26,65,65,100,18
2022-06-26 22:52:20,2024-02-10 02:59:12,66,66,58,11
2022-02-09 10:17:59,2024-04-24 17:37:24,67,67,28,2
2022-02-12 22:36:16,2025-08-28 19:14:14,68,68,90,18
2022-04-01 17:33:00,2025-04-22 12:20:40,69,69,83,51
2022-05-22 09:25:12,2025-03-31 01:54:45,70,70,7,68
2023-03-18 19:46:37,2024-02-11 04:22:22,71,71,45,41
2022-08-04 09:13:02,2025-03-08 15:59:53,72,72,34,4
2022-08-15 07:55:19,2024-08-29 09:11:09,73,73,66,14
2022-11-16 03:04:47,2025-03-27 20:29:00,74,74,1,82
2022-01-06 16:36:22,2024-07-01 07:45:57,75,75,33,36
2022-07-06 04:23:23,2024-12-07 06:44:22,76,76,25,76
2023-04-14 00:18:46,2024-11-09 13:28:42,77,77,1,43
2023-10-21 18:53:25,2024-12-25 01:51:03,78,78,80,93
2022-08-17 01:18:33,2024-04-29 07:03:37,79,79,45,92
2023-03-14 13:55:54,2024-03-30 09:54:43,80,80,47,6
2023-05-08 00:14:35,2024-08-19 03:58:54,81,81,49,42
2022-09-24 22:02:54,2024-11-04 14:14:33,82,82,19,80
2022-05-15 10:34:09,2025-03-06 03:03:22,83,83,13,37
2022-03-07 16:02:28,2025-07-27 21:13:16,84,84,70,29
2022-03-06 21:33:14,2024-10-28 10:58:51,85,85,95,33
2022-04-04 16:36:47,2025-03-22 00:04:26,86,86,53,65
2022-03-20 02:32:06,2024-03-03 09:27:07,87,87,16,43
2022-07-14 14:51:53,2024-02-20 21:45:49,88,88,84,42
2022-12-09 06:10:07,2024-05-08 17:21:33,89,89,25,77
2022-08-06 11:36:40,2024-08-22 14:13:49,90,90,100,12
2023-06-07 18:13:14,2025-01-23 07:17:29,91,91,22,54
2022-10-31 04:41:43,2024-05-04 16:24:23,92,92,13,69
2022-03-01 06:16:33,2025-06-17 17:27:27,93,93,42,67
2022-04-19 19:41:45,2024-05-11 10:34:17,94,94,51,87
2022-09-05 18:49:01,2024-09-08 07:11:45,95,95,23,36
2022-04-15 08:22:42,2025-06-03 12:31:41,96,96,1,78
2023-04-08 14:04:55,2024-11-01 06:07:15,97,97,57,10
2023-10-06 17:35:48,2024-03-15 16:49:33,98,98,79,44
2022-07-25 23:54:27,2025-06-24 06:48:20,99,99,66,36
2022-07-04 09:32:35,2024-01-09 05:42:50,100,100,21,17
2023-06-20 03:54:26,2024-03-06 17:34:43,101,101,27,81
2023-03-27 02:59:06,2025-01-23 12:00:06,102,102,29,52
2023-11-14 00:08:10,2024-03-03 09:18:55,103,103,98,87
2023-11-15 16:04:34,2025-08-28 03:12:49,104,104,30,92
2022-10-11 07:20:31,2024-06-03 10:58:30,105,105,68,39
2022-05-11 18:58:47,2024-09-26 17:34:16,106,106,58,45
2023-03-29 20:54:24,2024-07-31 18:17:28,107,107,46,50
2023-02-16 11:39:44,2024-01-18 07:29:57,108,108,74,48
2022-12-16 13:17:56,2025-03-21 19:42:09,109,109,53,17
2023-09-29 10:42:20,2025-09-04 21:11:25,110,110,41,49
2023-11-14 15:30:55,2025-05-19 03:49:01,111,111,24,50
2023-06-03 02:39:29,2025-04-15 22:35:10,112,112,17,4
2022-10-10 11:16:20,2024-05-29 03:54:27,113,113,19,28
2023-09-20 13:43:08,2025-03-08 14:10:58,114,114,71,63
2022-02-11 01:42:18,2024-01-31 01:46:55,115,115,57,51
2023-04-09 21:19:39,2024-02-19 03:35:06,116,116,17,69
2023-08-24 16:27:12,2025-07-09 23:10:39,117,117,77,52
2022-05-11 06:39:54,2025-09-08 09:29:55,118,118,58,54
2022-07-17 09:06:41,2024-09-04 03:04:54,119,119,12,37
2023-06-17 03:06:00,2024-03-09 18:34:35,120,120,37,63
2023-06-14 18:07:58,2024-10-12 23:02:06,121,121,48,29
2022-01-10 23:54:27,2025-02-01 21:47:37,122,122,91,66
2023-12-15 18:19:51,2024-07-23 13:59:25,123,123,10,34
2023-09-16 21:59:48,2024-10-20 19:58:49,124,124,28,79
2023-07-14 13:26:53,2024-04-07 19:52:31,125,125,79,63
2023-08-06 07:11:51,2024-07-07 22:51:31,126,126,51,15
2023-03-04 15:16:57,2024-01-08 05:37:39,127,127,1,35
2022-10-10 01:43:10,2024-02-07 10:32:09,128,128,84,29
2023-04-27 04:51:20,2024-03-26 19:28:54,129,129,100,35
2022-05-02 05:29:08,2025-01-27 08:34:45,130,130,6,51
2022-02-24 21:56:05,2025-01-18 21:09:05,131,131,17,1
2022-03-06 16:54:43,2024-05-09 22:18:57,132,132,7,40
2023-11-28 10:29:10,2024-09-27 10:14:14,133,133,61,79
2022-02-12 09:17:34,2025-03-11 17:01:15,134,134,49,57
2023-05-21 03:29:08,2024-01-17 19:10:56,135,135,73,86
2022-03-21 18:14:29,2024-02-09 21:10:57,136,136,97,81
2022-02-12 10:28:16,2025-04-23 05:21:33,137,137,100,39
2023-05-22 01:37:33,2025-03-20 18:50:18,138,138,96,39
2022-12-06 16:26:25,2025-07-08 18:28:21,139,139,19,39
2022-09-10 06:54:27,2024-08-16 06:15:48,140,140,73,31
2022-11-04 09:37:56,2025-09-13 11:12:40,141,141,78,85
2023-01-09 20:03:36,2024-02-09 17:08:23,142,142,66,56
2023-08-20 03:35:35,2025-04-07 11:41:45,143,143,91,87
2022-08-27 06:22:45,2024-02-07 02:49:44,144,144,35,98
2023-10-10 00:47:10,2024-01-22 14:22:51,145,145,8,34
2022-09-25 22:48:13,2024-08-18 09:32:24,146,146,49,21
2022-03-01 13:29:44,2024-08-10 15:41:41,147,147,83,2
2022-10-03 17:19:23,2024-06-08 16:15:38,148,148,10,51
2022-04-21 22:27:31,2024-05-01 03:40:43,149,149,27,77
2022-03-05 19:27:09,2023-12-25 11:20:16,150,150,74,82
2022-08-07 10:46:59,2024-08-16 02:25:53,151,151,91,92
2022-02-11 06:10:48,2025-01-21 18:20:39,152,152,84,73
2023-02-07 00:21:36,2024-09-11 09:54:08,153,153,40,57
2023-07-19 21:33:59,2025-09-04 19:17:52,154,154,74,87
2022-12-17 19:39:32,2024-10-07 23:31:04,155,155,76,2
2022-03-04 04:52:10,2025-04-16 01:43:04,156,156,22,96
2023-06-30 09:44:42,2024-10-25 00:42:36,157,157,13,36
2023-01-22 15:40:19,2024-03-27 20:51:07,158,158,61,1
2022-06-10 17:11:16,2024-12-19 21:47:13,159,159,33,19
2023-02-06 03:41:36,2024-06-16 23:46:15,160,160,47,1
2022-09-23 22:45:46,2024-11-06 19:54:24,161,161,59,96
2022-02-27 15:28:26,2023-12-26 01:10:26,162,162,88,86
2022-04-15 10:49:54,2024-09-30 01:38:53,163,163,36,15
2022-07-27 12:24:12,2024-12-28 19:56:05,164,164,31,21
2023-09-08 18:35:50,2025-01-26 06:51:09,165,165,13,12
2023-05-17 05:57:36,2025-06-28 18:48:45,166,166,31,4
2023-01-02 19:58:48,2024-10-21 23:03:37,167,167,50,41
2022-01-11 06:36:28,2024-05-17 19:43:38,168,168,54,17
2023-10-26 19:43:39,2025-03-26 21:10:15,169,169,38,28
2023-05-20 07:01:37,2024-04-15 12:58:51,170,170,61,94
2023-05-08 23:32:35,2025-03-11 04:45:55,171,171,11,14
2022-01-03 09:57:55,2024-07-13 14:52:42,172,172,87,14
2022-06-10 09:50:31,2024-06-05 19:36:00,173,173,7,79
2022-09-20 09:55:33,2024-08-25 06:02:19,174,174,78,94
2023-03-12 20:25:28,2024-01-11 12:48:18,175,175,86,14
2022-04-08 04:44:46,2025-05-26 21:23:39,176,176,32,95
2022-11-24 18:31:04,2024-05-17 00:05:14,177,177,90,36
2022-05-06 04:48:07,2025-03-15 05:20:02,178,178,13,64
2023-06-30 20:27:49,2025-01-26 15:55:58,179,179,57,86
2022-01-31 13:20:13,2024-03-16 12:26:07,180,180,34,96
2023-03-30 14:17:53,2025-09-06 18:40:34,181,181,40,13
2022-04-14 12:03:12,2024-07-21 17:01:15,182,182,93,10
2022-02-06 21:33:17,2024-03-01 20:15:40,183,183,6,18
2022-03-03 13:40:57,2024-03-04 04:38:08,184,184,60,86
2022-04-30 09:18:48,2024-01-12 09:46:24,185,185,96,51
2022-09-30 15:33:58,2025-08-29 11:12:53,186,186,42,83
2022-07-16 17:25:27,2025-06-08 15:56:33,187,187,4,67
2022-02-20 04:03:22,2025-03-16 16:33:20,188,188,65,40
2022-03-16 19:04:12,2024-03-15 09:14:33,189,189,82,72
2023-12-11 10:39:04,2024-07-20 22:53:03,190,190,43,44
2022-05-31 21:29:25,2024-11-03 02:08:59,191,191,95,66
2023-01-12 09:29:07,2025-05-11 03:39:37,192,192,27,83
2022-02-22 14:38:13,2025-09-14 02:04:42,193,193,9,12
2022-07-08 06:03:11,2024-06-11 05:10:56,194,194,44,14
2022-06-23 10:55:08,2025-06-16 07:31:13,195,195,47,14
2022-01-17 18:20:02,2024-07-28 03:16:17,196,196,90,99
2022-11-20 02:54:51,2025-06-25 07:32:54,197,197,24,14
2023-07-14 00:07:45,2024-10-17 20:35:03,198,198,60,84
2023-02-23 11:17:31,2024-06-24 14:40:14,199,199,67,69
2022-09-16 14:08:40,2024-06-06 23:58:16,200,200,44,78
2022-12-11 10:28:46,2025-06-26 07:48:12,201,201,13,27
2023-02-18 08:05:47,2024-09-13 05:07:31,202,202,67,82
2022-09-10 01:57:54,2025-04-10 18:30:44,203,203,38,66
2022-12-22 23:44:04,2024-02-18 03:02:01,204,204,60,31
2022-10-07 19:49:35,2024-01-29 02:10:57,205,205,73,98
2023-09-12 02:48:53,2024-12-20 13:25:06,206,206,72,31
2022-08-07 04:08:11,2024-03-08 21:23:42,207,207,9,59
2023-05-06 12:26:56,2025-05-12 23:51:02,208,208,44,49
2023-04-22 12:02:30,2024-03-01 16:30:07,209,209,27,73
2022-05-20 02:12:32,2025-01-19 12:46:40,210,210,37,11
2023-09-17 18:43:05,2024-10-31 20:45:25,211,211,79,65
2022-12-19 15:59:35,2024-11-14 06:02:44,212,212,62,79
2022-10-13 01:02:16,2024-10-03 23:55:00,213,213,48,42
2023-01-30 09:05:43,2025-01-27 19:06:31,214,214,12,77
2022-11-20 12:32:36,2025-07-01 06:21:02,215,215,92,42
2022-05-12 21:24:04,2025-08-07 07:03:44,216,216,85,94
2023-07-31 19:11:27,2024-02-16 07:29:24,217,217,32,18
2022-07-22 17:36:29,2024-02-04 10:21:26,218,218,30,43
2021-12-10 09:06:20,2025-08-07 02:50:49,219,219,49,88
2023-07-12 00:03:19,2025-01-07 23:02:14,220,220,33,27
2022-12-26 04:53:22,2024-02-04 07:32:10,221,221,24,34
2023-07-05 07:36:40,2024-08-30 03:39:48,222,222,14,14
2022-10-25 14:01:35,2024-03-22 13:17:58,223,223,80,65
2023-03-22 18:44:05,2025-08-15 18:49:01,224,224,16,86
2022-11-28 13:36:29,2024-03-17 10:37:01,225,225,100,94
2022-05-19 09:00:21,2025-08-23 04:24:30,226,226,85,44
2023-02-04 08:33:50,2024-12-29 01:54:57,227,227,27,42
2021-12-19 04:58:36,2024-03-10 03:11:37,228,228,87,59
2022-12-09 23:09:39,2025-05-18 22:25:46,229,229,3,36
2022-03-14 21:35:09,2024-06-22 09:06:27,230,230,67,55
2022-09-28 06:52:17,2025-06-26 00:42:36,231,231,91,93
2023-05-18 19:02:53,2024-03-01 18:37:42,232,232,19,43
2022-03-12 21:17:38,2024-09-20 14:55:58,233,233,86,15
2023-10-28 13:58:12,2025-09-02 02:00:17,234,234,7,34
2022-02-25 16:02:53,2024-07-12 10:07:56,235,235,11,78
2023-04-25 12:52:12,2024-09-01 10:35:09,236,236,21,11
2023-11-07 04:04:45,2025-04-04 00:01:55,237,237,95,7
2022-08-21 22:56:29,2025-01-30 21:37:54,238,238,36,46
2022-03-21 10:26:52,2024-07-05 13:34:56,239,239,27,46
2023-04-20 10:40:46,2024-10-07 13:01:38,240,240,63,36
2023-05-25 04:43:06,2024-05-04 11:28:42,241,241,91,64
2023-09-13 10:10:49,2024-04-03 05:48:41,242,242,27,31
2023-03-30 17:31:15,2025-06-09 00:24:46,243,243,90,19
2021-12-30 01:22:20,2025-09-04 00:20:46,244,244,28,57
2023-03-17 22:07:27,2024-02-14 00:38:20,245,245,3,65
2022-12-07 22:41:54,2025-05-16 14:52:55,246,246,65,54
2023-03-03 05:48:45,2024-07-25 06:06:15,247,247,71,20
2022-12-30 22:02:18,2024-03-15 20:21:49,248,248,68,89
2023-01-07 17:51:47,2025-02-18 21:29:23,249,249,67,37
2021-12-08 16:01:04,2025-06-05 00:31:05,250,250,4,56
2022-06-09 03:30:42,2025-08-08 03:58:24,251,251,57,36
2022-02-06 18:04:41,2024-08-29 07:29:47,252,252,26,66
2022-10-30 07:33:33,2024-12-21 17:03:36,253,253,69,18
2023-11-21 14:26:17,2025-06-03 07:39:40,254,254,45,31
2022-02-20 09:47:31,2025-08-10 16:42:49,255,255,56,93
2022-09-10 13:58:53,2025-08-10 20:30:31,256,256,80,16
2023-11-18 12:43:55,2025-06-23 19:40:26,257,257,20,27
2023-05-21 14:08:24,2025-05-23 09:31:55,258,258,32,94
2022-03-23 02:56:32,2023-12-21 08:55:14,259,259,34,66
2022-01-22 16:11:18,2024-07-29 06:33:02,260,260,88,48
2022-03-05 19:30:34,2025-05-14 22:51:55,261,261,98,56
2023-10-21 03:33:01,2024-10-22 01:17:34,262,262,31,91
2022-05-14 03:08:17,2024-02-18 05:17:43,263,263,53,83
2022-08-29 03:51:00,2025-09-10 16:07:54,264,264,24,100
2022-04-23 14:01:26,2024-08-24 03:02:29,265,265,37,77
2023-03-28 08:19:57,2025-04-13 03:12:31,266,266,55,37
2022-07-13 21:00:47,2024-04-13 00:25:01,267,267,85,37
2022-01-21 08:58:52,2025-04-10 03:03:56,268,268,97,55
2022-11-28 10:02:18,2025-02-18 21:22:17,269,269,17,84
2023-07-27 07:12:26,2024-01-16 13:00:12,270,270,17,75
2023-10-12 20:57:48,2024-09-08 09:08:53,271,271,9,22
2022-01-17 22:30:26,2024-04-08 01:01:17,272,272,11,27
2023-10-25 04:45:37,2024-06-01 05:34:43,273,273,13,17
2022-02-17 22:01:23,2023-12-23 19:34:37,274,274,97,17
2022-07-30 20:00:11,2024-12-19 02:24:01,275,275,9,97
2022-08-11 04:32:45,2025-02-21 19:02:51,276,276,99,31
2023-09-02 00:25:46,2024-03-26 20:13:19,277,277,33,96
2023-10-03 17:25:13,2024-04-16 04:20:58,278,278,15,15
2022-07-09 03:54:34,2024-06-26 13:59:09,279,279,47,49
2023-08-07 20:29:03,2024-05-14 06:32:20,280,280,43,34
2022-04-16 12:15:59,2024-03-28 10:30:26,281,281,48,61
2023-02-05 19:53:25,2025-07-01 19:51:32,282,282,83,88
2022-09-27 01:10:08,2025-03-20 04:34:00,283,283,1,24
2023-03-05 16:21:20,2023-12-27 03:55:44,284,284,48,17
2023-06-06 05:31:12,2025-09-06 10:16:24,285,285,80,61
2022-07-17 22:54:02,2024-03-21 13:05:25,286,286,35,98
2023-03-26 14:28:54,2025-01-14 09:58:12,287,287,22,77
2023-02-27 12:47:49,2024-06-26 07:42:08,288,288,84,4
2023-01-23 06:13:50,2024-09-26 04:54:38,289,289,6,94
2023-08-08 05:22:59,2024-07-15 11:25:16,290,290,100,91
2023-08-03 03:32:16,2024-09-06 23:38:52,291,291,14,53
2023-03-10 04:03:30,2024-10-13 01:13:32,292,292,66,77
2022-03-17 01:46:46,2024-04-21 13:20:50,293,293,39,29
2023-11-29 08:06:53,2024-09-11 07:46:14,294,294,36,74
2023-02-07 18:36:14,2024-11-17 11:41:00,295,295,34,26
2022-06-06 02:02:50,2024-11-04 21:23:05,296,296,5,47
2023-03-21 21:37:03,2025-04-04 02:08:22,297,297,57,11
2022-07-29 23:09:25,2024-11-25 22:12:51,298,298,33,21
2023-02-03 02:18:56,2024-06-11 18:53:33,299,299,72,92
2023-11-06 20:13:48,2024-07-30 05:51:38,300,300,93,38
2022-08-25 01:35:46,2024-11-23 02:15:56,301,301,68,77
2022-11-10 04:11:15,2024-11-20 04:43:01,302,302,25,59
2022-09-16 19:06:19,2025-02-08 18:43:36,303,303,40,57
2023-07-07 23:38:36,2024-12-02 13:36:00,304,304,86,91
2022-08-17 01:34:20,2024-02-10 06:27:31,305,305,47,39
2022-08-24 07:51:02,2025-08-22 12:12:35,306,306,12,12
2023-08-10 09:17:42,2024-03-27 15:22:58,307,307,38,8
2022-07-05 01:04:36,2024-07-20 03:03:02,308,308,1,3
2022-07-29 14:50:37,2025-02-04 23:17:51,309,309,73,11
2023-04-18 22:11:52,2023-12-23 10:07:22,310,310,69,50
2023-05-31 23:54:32,2025-09-12 21:50:57,311,311,71,14
2022-03-21 12:48:50,2025-02-17 15:55:12,312,312,96,37
2023-03-16 09:52:18,2024-04-17 01:07:44,313,313,7,34
2023-12-13 20:03:00,2025-06-15 22:38:22,314,314,6,14
2022-11-28 14:45:08,2025-05-26 17:38:23,315,315,35,6
2021-12-19 22:47:35,2025-03-16 23:57:15,316,316,6,49
2023-08-30 04:03:45,2024-07-29 02:15:49,317,317,12,22
2022-03-18 21:19:07,2024-10-28 06:57:04,318,318,26,45
2023-09-30 23:28:41,2023-12-20 13:43:23,319,319,40,61
2022-10-30 04:33:41,2024-09-04 03:04:43,320,320,81,35
2022-03-28 13:55:47,2025-06-05 14:48:06,321,321,51,13
2022-10-23 16:21:21,2024-09-18 16:22:23,322,322,85,41
2022-12-23 09:18:58,2024-11-05 19:13:24,323,323,77,74
2023-12-17 06:41:02,2024-07-21 19:16:14,324,324,41,60
2022-07-07 23:38:26,2024-12-30 22:13:55,325,325,99,32
2023-10-01 07:39:48,2024-07-28 07:47:17,326,326,21,90
2023-09-06 16:02:32,2024-02-14 21:51:21,327,327,41,26
2023-10-14 14:21:21,2024-02-28 19:24:37,328,328,12,49
2022-09-18 13:47:15,2024-02-19 14:59:46,329,329,83,38
2022-06-22 11:17:11,2025-03-05 02:08:17,330,330,15,33
2021-12-04 01:04:35,2024-01-28 04:46:52,331,331,58,53
2023-01-23 23:40:05,2025-03-26 02:26:28,332,332,29,79
2023-01-28 08:52:29,2024-02-01 02:17:25,333,333,6,90
2022-09-06 06:37:31,2024-08-24 11:25:07,334,334,53,32
2023-08-22 09:57:23,2024-08-18 12:55:02,335,335,47,55
2023-04-16 06:04:42,2024-04-14 08:04:29,336,336,68,61
2021-12-23 22:32:29,2024-08-06 15:43:10,337,337,92,78
2022-01-22 10:37:45,2025-04-10 05:41:27,338,338,15,38
2023-09-19 16:40:56,2024-07-12 22:57:07,339,339,89,5
2023-02-16 00:41:11,2024-11-06 11:20:33,340,340,7,74
2023-01-11 20:46:31,2024-03-12 11:14:10,341,341,12,9
2023-06-27 17:28:23,2023-12-23 10:12:24,342,342,85,78
2023-09-07 00:39:58,2024-11-24 22:22:58,343,343,91,8
2023-11-12 04:22:40,2023-12-23 19:10:58,344,344,50,58
2023-05-25 09:51:12,2024-09-12 19:44:34,345,345,68,40
2023-07-15 07:34:37,2025-06-17 23:47:18,346,346,9,94
2023-07-01 22:52:44,2025-08-29 17:12:42,347,347,25,94
2023-08-06 05:26:02,2024-11-11 20:51:58,348,348,4,2
2023-06-13 22:11:18,2024-10-17 02:46:22,349,349,97,74
2022-06-26 00:20:17,2024-11-22 01:40:43,350,350,2,61
2021-12-20 07:04:05,2025-02-04 04:09:06,351,351,59,51
2023-12-16 01:55:30,2024-10-17 13:14:50,352,352,53,47
2022-03-13 22:43:07,2024-09-30 18:55:02,353,353,27,49
2023-04-18 17:20:14,2024-08-22 01:51:07,354,354,85,70
2022-08-22 11:40:19,2025-08-19 01:49:11,355,355,8,80
2022-03-10 20:32:50,2024-05-01 07:50:33,356,356,80,58
2022-03-13 01:46:11,2024-02-06 00:09:09,357,357,35,49
2022-05-17 01:33:25,2024-07-07 17:08:15,358,358,16,78
2023-01-15 03:38:04,2024-02-09 16:19:33,359,359,49,51
2023-06-16 17:14:53,2025-04-21 20:27:09,360,360,72,75
2022-05-09 13:39:03,2024-05-25 11:11:23,361,361,28,21
2023-12-18 19:08:22,2024-10-30 14:39:21,362,362,45,5
2022-04-02 00:44:04,2025-03-10 19:23:26,363,363,21,92
2022-07-03 16:46:18,2025-01-11 11:44:38,364,364,33,74
2023-11-08 08:11:29,2024-03-01 17:24:55,365,365,68,37
2023-05-30 06:56:44,2025-09-06 05:18:29,366,366,3,35
2022-10-12 03:23:44,2024-03-12 19:34:47,367,367,31,56
2023-10-11 01:43:35,2025-05-17 22:39:12,368,368,41,20
2022-04-12 11:39:14,2024-11-20 10:53:23,369,369,35,64
2023-08-19 06:34:29,2024-11-03 11:27:34,370,370,87,73
2023-05-04 03:08:32,2024-03-15 21:30:08,371,371,89,28
2022-11-29 10:33:16,2024-02-02 06:34:06,372,372,79,78
2023-08-17 09:54:32,2025-02-21 16:49:02,373,373,18,60
2022-11-19 17:18:07,2024-02-17 14:15:26,374,374,9,72
2022-07-25 20:25:23,2025-05-25 13:21:39,375,375,4,83
2022-04-26 21:23:18,2024-02-18 07:14:22,376,376,69,40
2022-04-13 08:15:35,2024-07-01 16:57:17,377,377,53,24
2023-10-24 22:42:02,2025-08-19 05:25:43,378,378,42,93
2023-10-03 17:04:08,2024-03-16 16:00:32,379,379,31,4
2022-04-15 12:11:09,2024-03-13 18:51:16,380,380,45,74
2023-09-04 09:00:10,2025-08-25 07:45:27,381,381,95,64
2022-04-16 02:26:09,2024-12-11 17:53:33,382,382,37,22
2022-05-10 08:00:10,2025-04-07 21:41:12,383,383,85,55
2022-07-17 16:28:15,2024-05-29 09:16:25,384,384,4,83
2023-05-16 18:17:43,2024-03-27 03:47:41,385,385,1,67
2022-11-25 03:24:29,2025-03-16 07:33:26,386,386,41,88
2023-05-29 16:29:34,2025-03-23 13:11:23,387,387,82,99
2023-09-25 11:54:46,2024-10-31 11:38:25,388,388,37,50
2022-05-03 12:38:42,2025-05-14 10:11:42,389,389,29,78
2023-12-18 21:30:15,2024-12-18 22:23:23,390,390,20,50
2023-05-16 16:05:51,2024-01-09 08:06:42,391,391,41,10
2023-06-21 17:56:32,2024-04-12 20:37:28,392,392,30,89
2023-09-27 06:13:04,2024-10-14 13:13:54,393,393,29,80
2022-08-01 09:58:25,2024-04-14 17:13:46,394,394,84,18
2022-10-20 22:43:22,2024-01-14 03:49:05,395,395,41,78
2022-03-25 05:27:42,2025-05-20 20:37:32,396,396,15,92
2023-09-21 20:36:06,2024-03-09 04:20:03,397,397,97,4
2023-02-25 08:39:36,2024-06-23 01:54:17,398,398,64,54
2023-03-22 17:16:29,2024-06-03 01:46:38,399,399,20,20
2023-10-17 16:11:27,2024-12-18 00:05:35,400,400,46,38
2022-04-07 13:41:54,2024-06-09 11:18:34,401,401,86,40
2022-05-07 07:03:10,2025-01-20 16:55:29,402,402,77,63
2023-10-10 10:47:31,2025-01-19 16:46:31,403,403,93,64
2023-05-24 14:10:08,2024-01-03 09:28:44,404,404,68,100
2023-10-11 00:41:41,2024-03-18 13:16:18,405,405,7,61
2023-10-01 13:16:45,2024-08-11 23:16:20,406,406,39,15
2023-11-20 09:03:47,2025-04-07 14:31:13,407,407,79,20
2022-05-20 23:24:06,2023-12-26 03:12:43,408,408,36,36
2022-06-29 19:17:20,2025-06-29 08:23:53,409,409,56,69
2023-10-14 06:35:30,2024-06-24 04:54:06,410,410,33,63
2021-12-22 22:47:05,2025-01-12 14:49:45,411,411,22,27
2022-03-25 02:42:51,2023-12-21 14:47:41,412,412,82,93
2022-10-14 05:11:08,2025-05-12 17:21:01,413,413,13,23
2022-05-17 17:34:43,2024-09-12 16:14:11,414,414,15,9
2023-09-01 17:25:44,2024-02-01 10:28:15,415,415,79,57
2023-02-17 01:20:05,2024-04-26 14:27:52,416,416,21,7
2023-11-16 08:20:16,2025-07-25 01:15:44,417,417,58,47
2023-11-01 02:57:16,2025-07-14 08:47:56,418,418,5,16
2023-02-28 21:33:46,2024-03-19 11:17:00,419,419,28,56
2023-02-26 19:03:54,2024-01-17 16:39:31,420,420,96,95
2022-09-27 15:00:10,2024-03-28 04:38:21,421,421,22,24
2022-02-01 19:15:23,2024-06-22 12:28:05,422,422,27,15
2023-10-28 22:04:46,2024-07-25 16:01:33,423,423,70,20
2022-02-08 18:18:23,2024-10-31 07:53:30,424,424,75,10
2022-05-16 19:44:59,2025-06-01 11:25:15,425,425,24,83
2023-04-18 19:32:30,2025-08-21 18:09:14,426,426,36,61
2023-06-27 10:03:55,2025-08-10 02:11:36,427,427,11,24
2021-12-27 09:13:16,2024-12-07 20:19:02,428,428,75,36
2022-09-27 11:16:35,2025-01-04 19:28:56,429,429,76,98
2023-08-29 16:23:15,2024-09-20 08:11:03,430,430,58,73
2023-05-07 00:18:25,2024-01-15 21:10:27,431,431,87,88
2022-06-24 03:56:19,2025-06-27 23:11:44,432,432,71,17
2023-01-19 09:39:43,2024-10-02 06:23:05,433,433,74,19
2023-06-10 13:52:43,2024-12-10 04:28:45,434,434,30,64
2023-03-22 01:53:42,2024-01-30 15:38:11,435,435,66,84
2022-01-08 17:57:03,2025-09-09 08:35:12,436,436,39,18
2022-08-06 14:59:16,2025-07-26 13:58:27,437,437,22,39
2022-09-03 09:12:23,2024-04-27 18:34:10,438,438,95,43
2022-03-13 17:33:17,2024-11-16 15:51:51,439,439,31,31
2022-05-17 13:37:07,2024-06-23 22:10:35,440,440,53,96
2023-08-12 12:37:37,2025-06-26 03:35:04,441,441,54,70
2023-07-26 21:27:07,2025-04-06 00:35:30,442,442,77,24
2022-05-26 17:39:04,2024-04-05 02:58:55,443,443,56,11
2022-01-19 18:54:10,2025-03-24 17:37:51,444,444,19,80
2023-03-30 12:17:22,2024-06-16 17:25:34,445,445,16,84
2023-07-02 19:31:07,2025-04-04 17:24:15,446,446,34,19
2023-04-19 22:25:56,2025-03-21 08:00:22,447,447,92,58
2022-08-20 10:01:31,2025-03-31 17:41:33,448,448,90,73
2023-08-30 16:01:04,2025-08-21 04:38:42,449,449,66,79
2022-12-14 12:41:48,2025-03-13 08:00:05,450,450,92,57
2023-07-08 15:27:15,2025-01-24 08:03:09,451,451,39,69
2023-01-21 07:21:04,2024-10-20 00:33:40,452,452,14,93
2021-12-05 04:10:00,2024-10-26 14:20:25,453,453,66,53
2023-08-27 20:44:43,2025-07-25 17:23:10,454,454,3,58
2022-01-05 13:48:53,2025-03-23 11:20:34,455,455,68,62
2022-09-01 01:07:36,2025-03-09 22:32:07,456,456,20,2
2022-07-08 13:25:36,2024-01-12 04:52:54,457,457,75,77
2022-11-23 19:16:29,2025-01-28 04:39:14,458,458,69,40
2023-06-03 15:27:01,2025-05-07 04:53:02,459,459,53,96
2023-10-06 19:37:49,2025-06-09 18:20:16,460,460,95,44
2022-10-05 09:47:18,2024-04-30 20:19:32,461,461,62,4
2022-05-12 09:55:57,2025-04-12 04:49:09,462,462,59,23
2023-05-17 22:32:45,2024-06-04 04:57:52,463,463,90,13
2023-08-14 21:48:22,2024-02-04 10:48:17,464,464,52,51
2023-02-01 13:42:38,2024-02-20 12:22:59,465,465,93,31
2023-05-09 00:47:16,2025-03-21 12:27:45,466,466,44,99
2022-08-19 22:08:04,2025-02-25 21:13:45,467,467,73,13
2022-10-04 04:24:48,2025-07-16 21:06:08,468,468,10,15
2022-02-11 22:09:10,2025-01-11 17:40:30,469,469,36,67
2023-08-21 15:34:01,2024-12-01 23:28:19,470,470,24,7
2023-05-30 00:27:47,2024-01-07 00:10:25,471,471,28,59
2022-06-05 21:49:17,2024-07-23 11:19:25,472,472,100,54
2022-02-14 17:56:08,2024-12-21 18:59:01,473,473,42,20
2022-10-07 01:27:07,2025-02-12 23:12:26,474,474,81,38
2022-02-25 12:02:16,2024-03-31 05:01:49,475,475,50,27
2023-02-03 15:46:39,2024-01-28 12:51:09,476,476,52,57
2022-10-29 11:19:45,2025-04-18 06:46:36,477,477,54,33
2022-12-31 15:53:00,2025-08-27 01:42:56,478,478,40,47
2022-03-22 23:48:19,2025-04-22 14:39:58,479,479,95,41
2022-06-22 16:13:26,2024-12-24 19:02:14,480,480,75,35
2022-03-18 05:45:13,2024-10-06 16:21:01,481,481,15,60
2022-03-07 13:19:28,2025-05-26 15:08:22,482,482,43,15
2022-11-30 05:50:28,2025-06-29 06:29:17,483,483,37,86
2022-01-18 13:15:34,2025-09-06 06:05:57,484,484,96,8
2022-05-29 23:08:34,2024-01-02 22:06:15,485,485,23,23
2023-03-25 19:24:09,2025-05-12 18:57:46,486,486,48,28
2023-02-03 17:15:14,2024-11-03 11:33:03,487,487,44,52
2022-05-03 20:13:28,2024-09-30 08:31:15,488,488,52,13
2022-06-22 20:33:22,2024-04-13 13:04:40,489,489,40,40
2023-08-22 01:31:23,2024-05-13 01:19:34,490,490,39,21
2022-06-26 02:20:49,2025-08-29 22:45:17,491,491,36,61
2023-07-24 13:05:36,2024-07-27 22:46:41,492,492,70,35
2023-05-13 15:38:57,2025-05-24 16:57:30,493,493,27,35
2023-08-06 02:34:59,2024-07-28 22:12:08,494,494,3,86
2022-06-25 04:44:20,2025-09-07 14:30:26,495,495,59,84
2022-02-18 14:51:03,2024-03-20 22:01:36,496,496,92,18
2022-12-29 21:21:50,2024-03-26 23:01:30,497,497,57,91
2022-12-01 19:31:21,2025-04-29 18:47:14,498,498,20,50
2022-09-24 09:46:42,2024-09-23 16:15:38,499,499,77,57
2022-04-20 08:06:52,2024-07-21 08:21:22,500,500,75,43
2022-09-13 06:59:01,2024-01-05 11:23:31,501,501,38,68
2022-09-30 04:46:09,2025-02-17 16:31:56,502,502,78,78
2023-08-02 15:52:46,2025-02-08 03:11:14,503,503,84,39
2023-08-19 17:32:42,2024-11-18 06:13:10,504,504,64,8
2022-10-19 11:00:55,2024-07-16 18:12:17,505,505,51,15
2023-04-17 01:06:14,2024-12-05 13:06:23,506,506,40,39
2023-05-19 14:25:39,2025-09-04 08:47:21,507,507,58,33
2022-02-21 05:28:43,2024-01-16 12:32:32,508,508,36,40
2023-03-31 14:00:32,2024-07-23 10:07:06,509,509,82,28
2023-12-12 18:37:33,2025-08-11 19:37:49,510,510,67,23
2023-02-20 14:00:48,2025-07-13 10:41:30,511,511,42,4
2023-01-10 14:43:45,2024-01-24 19:31:31,512,512,81,53
2023-10-09 13:16:58,2025-07-26 00:43:34,513,513,59,23
2022-02-05 06:25:25,2024-05-15 11:47:33,514,514,27,76
2023-01-16 16:38:39,2025-08-30 23:22:57,515,515,94,43
2023-05-18 03:34:36,2024-06-03 22:56:13,516,516,61,58
2023-01-31 12:01:55,2025-09-16 16:54:25,517,517,14,40
2022-05-30 05:02:42,2024-04-18 14:10:24,518,518,27,49
2022-07-21 07:24:54,2025-09-12 18:28:01,519,519,5,95
2022-08-24 10:20:27,2024-07-26 01:05:41,520,520,38,58
2022-01-23 20:52:25,2025-07-02 12:54:59,521,521,78,18
2023-12-19 15:26:28,2024-05-13 05:40:36,522,522,97,79
2022-11-28 16:29:26,2024-03-14 15:29:12,523,523,20,10
2022-04-24 16:18:48,2024-11-26 18:21:59,524,524,60,16
2022-11-21 03:47:25,2025-01-09 21:26:11,525,525,67,4
2021-12-13 10:41:58,2024-04-12 12:42:04,526,526,22,16
2023-01-15 00:35:05,2025-03-28 12:11:12,527,527,61,14
2023-09-10 13:23:01,2024-08-04 13:22:25,528,528,13,65
2023-10-13 20:19:40,2024-11-12 21:38:00,529,529,9,17
2022-09-17 07:38:34,2025-07-07 07:52:14,530,530,55,64
2022-08-05 07:15:06,2024-11-15 20:57:53,531,531,44,23
2022-08-23 23:38:57,2024-01-12 13:32:54,532,532,59,42
2023-02-07 16:50:09,2025-07-03 13:13:38,533,533,66,36
2023-06-01 14:38:55,2024-06-17 19:12:12,534,534,56,32
2022-07-11 03:35:15,2024-03-14 01:40:25,535,535,3,5
2022-02-25 20:02:04,2025-07-02 12:52:10,536,536,71,1
2021-12-05 17:09:21,2024-10-09 07:59:49,537,537,26,88
2022-03-01 02:59:18,2024-09-15 08:34:55,538,538,51,3
2022-07-29 06:58:15,2025-01-01 00:00:49,539,539,17,90
2023-07-10 21:21:43,2025-02-05 03:01:36,540,540,84,68
2022-06-23 02:42:05,2025-02-09 09:40:14,541,541,33,72
2022-01-08 03:47:03,2024-11-16 20:01:09,542,542,15,20
2023-07-19 20:34:31,2025-03-06 22:07:42,543,543,68,67
2023-04-04 21:08:16,2025-03-05 23:04:23,544,544,55,35
2022-05-01 07:18:51,2025-01-31 19:26:45,545,545,28,69
2023-12-07 09:51:41,2024-03-29 12:55:23,546,546,63,10
2023-05-18 16:45:32,2024-10-21 14:30:34,547,547,60,15
2023-01-13 10:15:30,2025-08-06 02:08:52,548,548,24,5
2022-05-03 06:37:54,2025-07-30 03:29:00,549,549,78,71
2021-12-14 00:25:52,2025-05-07 04:58:23,550,550,11,67
2023-06-12 11:44:31,2025-03-15 13:08:29,551,551,84,66
2022-01-04 02:45:59,2025-03-22 04:16:49,552,552,24,27
2023-05-10 01:03:37,2024-08-17 01:56:50,553,553,62,84
2023-03-20 22:14:22,2024-12-10 13:45:51,554,554,49,75
2023-03-04 22:51:57,2024-01-13 04:12:10,555,555,95,37
2023-04-12 02:17:57,2024-03-18 11:20:31,556,556,95,36
2023-11-18 11:46:41,2025-06-06 08:47:02,557,557,24,4
2022-02-14 03:57:46,2024-08-03 00:27:29,558,558,76,28
2023-07-08 08:06:21,2024-01-29 16:27:35,559,559,43,81
2023-01-28 14:07:02,2024-05-01 14:00:13,560,560,37,4
2022-04-10 16:22:30,2024-12-14 19:16:55,561,561,1,47
2023-06-21 14:03:23,2024-03-23 11:02:38,562,562,100,41
2021-12-30 14:46:29,2024-11-29 23:49:18,563,563,54,8
2023-01-05 22:49:10,2025-02-05 23:48:36,564,564,34,60
2022-02-09 10:01:07,2024-06-19 04:40:35,565,565,65,3
2022-05-17 05:51:44,2024-04-11 09:01:13,566,566,7,74
2022-09-10 22:35:39,2025-06-26 07:13:45,567,567,6,43
2022-11-06 19:18:04,2025-08-26 04:18:55,568,568,6,58
2022-10-14 13:58:42,2024-02-12 09:20:13,569,569,45,9
2023-03-06 01:57:33,2024-07-04 09:14:39,570,570,70,19
2023-09-12 10:41:22,2024-03-19 17:38:48,571,571,80,63
2022-02-09 15:39:25,2024-03-11 16:13:47,572,572,56,95
2023-02-01 14:19:01,2025-06-24 14:37:08,573,573,10,61
2023-03-13 12:19:27,2024-08-27 16:34:17,574,574,43,30
2023-11-18 15:47:08,2024-09-12 14:55:08,575,575,89,6
2023-07-20 00:08:27,2024-03-20 00:04:24,576,576,8,79
2022-09-06 00:17:54,2024-07-11 19:15:18,577,577,1,50
2022-10-04 00:49:26,2025-05-25 21:46:04,578,578,73,13
2023-10-11 19:58:23,2024-12-17 15:56:02,579,579,65,79
2022-12-20 06:17:44,2025-02-19 06:38:18,580,580,8,74
2023-08-19 14:31:33,2024-01-02 14:43:26,581,581,73,92
2021-12-12 12:50:16,2025-08-24 11:04:37,582,582,24,8
2023-04-20 06:52:44,2025-02-21 02:35:10,583,583,46,85
2022-05-20 21:51:06,2024-09-04 13:46:26,584,584,60,96
2023-08-24 22:43:59,2024-01-02 12:20:10,585,585,2,63
2022-11-02 02:54:08,2025-06-16 15:07:02,586,586,97,86
2023-03-13 06:14:33,2024-10-25 05:55:29,587,587,41,1
2022-11-17 10:17:16,2025-09-12 08:22:35,588,588,71,74
2023-07-14 21:22:28,2025-08-04 22:15:37,589,589,58,97
2022-11-05 14:25:25,2024-09-27 19:36:43,590,590,12,65
2023-07-18 19:30:05,2024-09-28 11:36:43,591,591,13,72
2022-08-02 19:04:50,2024-12-13 08:04:53,592,592,88,82
2021-12-23 08:30:26,2025-07-12 06:50:15,593,593,61,30
2023-08-27 07:33:05,2024-11-18 02:05:17,594,594,83,13
2023-10-29 11:01:08,2025-06-25 04:44:35,595,595,55,67
2022-07-01 20:22:37,2025-07-06 16:58:19,596,596,68,59
2023-07-21 18:13:23,2025-02-24 00:33:31,597,597,7,5
2022-02-10 11:03:46,2024-01-04 20:07:03,598,598,3,9
2022-06-28 17:07:17,2024-07-21 07:21:16,599,599,92,13
2023-01-25 05:45:56,2024-12-07 17:21:58,600,600,41,79
2023-08-20 22:22:01,2025-02-22 11:11:09,601,601,6,37
2022-04-27 09:33:04,2024-02-04 19:18:08,602,602,46,22
2023-04-12 22:58:31,2024-06-06 18:31:57,603,603,50,12
2022-03-05 11:55:17,2024-06-05 03:51:10,604,604,77,89
2022-11-02 18:52:26,2025-08-04 07:10:45,605,605,60,71
2022-10-22 00:43:59,2024-02-29 14:19:54,606,606,53,20
2023-06-22 06:05:03,2024-06-02 17:38:57,607,607,77,67
2022-08-28 00:04:47,2025-06-09 22:05:39,608,608,21,2
2023-01-22 00:03:43,2025-01-22 22:08:58,609,609,25,4
2022-07-30 19:19:34,2024-10-29 03:03:02,610,610,71,24
2022-12-31 05:15:13,2024-05-09 16:18:31,611,611,78,87
2022-12-29 07:42:06,2025-06-09 19:58:11,612,612,32,81
2023-03-29 21:16:04,2025-03-03 09:19:20,613,613,22,32
2023-02-24 16:32:06,2024-03-31 22:01:51,614,614,17,50
2023-11-16 22:16:57,2024-03-03 15:12:16,615,615,7,9
2022-12-15 22:03:09,2024-03-01 06:25:37,616,616,100,8
2023-07-22 02:14:36,2024-05-16 14:22:30,617,617,76,87
2022-08-02 14:48:21,2024-07-15 05:14:12,618,618,16,1
2023-08-01 16:23:24,2025-01-28 12:41:27,619,619,54,27
2022-06-14 15:56:38,2024-12-09 22:04:37,620,620,46,7
2023-07-03 17:35:49,2024-04-23 06:35:28,621,621,73,66
2023-07-23 01:18:55,2024-11-16 01:20:54,622,622,59,26
2022-06-29 11:05:26,2024-03-24 20:57:48,623,623,94,52
2023-06-26 23:36:56,2024-11-02 04:53:38,624,624,70,14
2022-10-27 10:17:48,2024-10-12 19:13:18,625,625,58,33
2022-05-16 18:14:41,2024-02-12 09:07:38,626,626,55,25
2023-09-22 13:12:26,2024-09-06 03:24:40,627,627,5,98
2021-12-09 08:48:30,2025-06-10 07:18:34,628,628,45,61
2023-09-22 16:42:53,2024-08-04 23:04:01,629,629,95,7
2022-01-19 01:31:54,2024-09-05 16:42:10,630,630,46,46
2022-03-07 11:26:24,2025-08-20 19:04:55,631,631,60,4
2023-08-12 02:25:00,2025-02-23 19:43:38,632,632,95,22
2022-12-15 20:31:46,2025-05-26 11:05:00,633,633,81,83
2023-12-19 03:58:54,2024-02-17 02:08:44,634,634,97,52
2022-04-23 14:18:23,2024-10-06 09:03:42,635,635,67,19
2022-09-18 23:45:58,2025-05-18 04:18:49,636,636,47,33
2021-12-24 09:23:27,2025-05-28 11:25:05,637,637,40,32
2023-05-05 05:36:37,2024-05-07 11:20:53,638,638,42,47
2022-08-16 01:10:27,2024-03-14 23:55:14,639,639,72,17
2023-02-01 15:19:53,2024-06-04 15:50:49,640,640,95,59
2023-03-20 02:38:51,2024-05-02 21:27:52,641,641,22,17
2022-08-10 14:45:13,2024-02-12 13:14:09,642,642,33,31
2022-09-21 10:08:01,2024-07-18 15:02:32,643,643,66,34
2023-10-13 11:22:18,2024-11-09 02:38:48,644,644,14,47
2021-12-21 13:11:32,2025-07-09 18:01:41,645,645,68,67
2023-10-24 20:04:08,2025-05-31 04:38:20,646,646,89,74
2022-03-30 20:43:42,2024-11-10 00:14:34,647,647,98,75
2023-02-10 09:05:15,2024-03-27 22:19:27,648,648,85,87
2022-02-24 14:47:43,2024-10-10 01:07:33,649,649,30,70
2022-12-20 19:58:38,2024-02-02 06:35:08,650,650,86,40
2023-07-12 14:58:20,2025-06-16 23:45:39,651,651,69,45
2023-04-17 05:41:43,2024-05-08 13:25:35,652,652,59,75
2021-12-02 23:22:51,2025-02-08 21:19:32,653,653,80,23
2023-08-08 18:39:56,2024-03-21 22:54:26,654,654,75,17
2022-10-28 14:33:19,2024-07-20 05:29:03,655,655,20,1
2023-11-11 07:32:25,2024-05-09 18:27:56,656,656,82,5
2022-06-24 18:36:42,2025-02-04 00:54:24,657,657,59,72
2022-03-19 00:34:15,2024-06-17 19:05:11,658,658,36,70
2023-12-12 03:20:43,2025-04-24 07:57:16,659,659,74,89
2023-01-03 16:42:08,2025-04-28 18:47:01,660,660,51,41
2023-04-16 04:13:39,2024-08-07 18:40:45,661,661,6,27
2022-10-01 01:33:18,2025-05-14 09:37:36,662,662,10,52
2022-05-22 21:10:59,2024-09-08 05:04:39,663,663,57,33
2023-11-02 10:57:49,2025-07-15 11:42:49,664,664,47,85
2022-12-10 03:52:02,2025-05-14 05:09:34,665,665,3,19
2022-05-12 14:55:22,2024-06-15 22:52:42,666,666,65,12
2022-04-14 02:00:16,2024-09-19 15:13:45,667,667,55,33
2022-07-09 18:16:14,2023-12-21 12:23:48,668,668,42,54
2023-08-01 06:27:31,2024-05-27 21:13:39,669,669,32,99
2023-06-28 23:27:29,2025-05-19 12:55:40,670,670,61,26
2023-09-08 00:05:43,2024-12-01 01:51:00,671,671,53,37
2022-04-12 14:24:10,2024-11-25 15:10:07,672,672,15,20
2023-11-29 18:03:00,2024-10-20 12:18:41,673,673,17,24
2023-05-27 20:36:23,2024-07-25 01:27:26,674,674,10,22
2023-03-27 04:48:41,2024-11-13 03:18:58,675,675,21,47
2023-02-25 05:12:32,2024-03-14 16:04:34,676,676,97,52
2022-11-05 08:44:06,2025-07-23 11:55:24,677,677,27,97
2023-06-04 18:09:35,2024-11-14 01:09:35,678,678,22,96
2022-06-28 13:05:32,2025-01-31 11:23:30,679,679,11,69
2023-10-14 08:02:02,2024-07-24 22:37:03,680,680,38,99
2022-11-05 09:04:47,2025-09-08 13:07:07,681,681,51,9
2023-05-22 04:09:20,2024-08-28 20:11:47,682,682,20,34
2023-03-22 05:56:56,2025-05-25 05:13:14,683,683,77,98
2021-12-23 03:26:50,2025-06-08 22:10:04,684,684,8,26
2022-05-16 08:39:10,2025-04-02 01:21:28,685,685,21,60
2023-08-18 21:51:06,2025-02-25 21:49:41,686,686,36,26
2023-05-26 06:00:09,2025-07-20 16:55:06,687,687,57,75
2023-07-23 22:08:28,2025-03-22 20:47:09,688,688,6,42
2021-12-31 08:24:53,2025-02-12 01:11:37,689,689,70,67
2023-02-18 18:30:40,2025-07-14 22:54:29,690,690,62,25
2023-11-05 04:37:19,2024-10-11 20:18:53,691,691,87,91
2023-07-09 01:17:41,2025-05-18 15:35:53,692,692,15,37
2021-12-11 00:53:29,2024-12-16 10:38:55,693,693,27,68
2022-12-25 05:00:58,2025-08-24 17:29:56,694,694,13,73
2023-02-21 04:51:34,2025-06-03 02:44:39,695,695,61,17
2023-03-28 01:04:30,2025-06-01 12:44:02,696,696,29,90
2022-01-28 01:02:24,2024-01-11 23:57:49,697,697,45,65
2021-12-15 16:33:43,2024-05-03 11:36:26,698,698,43,77
2023-06-21 21:15:08,2025-04-20 03:21:26,699,699,91,71
2021-12-07 06:02:30,2023-12-24 11:20:37,700,700,84,12
2022-06-09 15:23:17,2024-07-20 21:38:26,701,701,88,6
2023-12-10 00:23:13,2025-05-21 22:14:05,702,702,73,79
2022-01-11 00:57:27,2023-12-24 02:24:55,703,703,62,49
2022-01-08 23:49:23,2025-09-08 04:18:35,704,704,61,48
2023-10-30 15:47:25,2024-12-13 12:23:30,705,705,89,69
2022-12-25 23:33:10,2024-02-27 22:48:48,706,706,12,29
2022-10-30 16:07:39,2025-02-17 22:35:35,707,707,12,39
2023-01-09 23:57:07,2024-12-18 03:47:57,708,708,55,75
2022-12-02 17:04:43,2025-01-03 20:02:32,709,709,76,19
2023-06-22 07:46:26,2024-10-03 15:58:12,710,710,21,8
2022-07-11 03:13:02,2025-05-04 23:26:12,711,711,91,80
2022-05-15 16:29:26,2024-04-23 20:56:10,712,712,94,80
2022-04-05 05:58:58,2024-02-09 03:01:35,713,713,76,9
2022-02-06 09:17:33,2024-10-20 09:06:49,714,714,38,24
2021-12-12 17:43:35,2025-07-22 06:35:33,715,715,48,68
2022-03-07 15:36:21,2025-07-10 13:22:07,716,716,28,51
2023-04-23 16:19:01,2024-10-28 06:05:50,717,717,87,8
2023-03-15 05:44:23,2024-07-07 17:01:10,718,718,18,38
2023-09-26 10:51:51,2024-03-14 16:24:43,719,719,4,23
2022-10-09 17:40:23,2024-09-07 04:13:15,720,720,100,61
2023-08-02 13:32:32,2024-05-20 06:10:12,721,721,83,91
2022-05-31 16:11:46,2025-03-02 14:36:13,722,722,22,52
2022-02-10 01:25:28,2025-04-26 14:05:49,723,723,87,19
2023-08-02 14:51:54,2024-03-04 03:09:12,724,724,62,85
2023-03-14 20:53:26,2024-08-12 15:43:04,725,725,8,30
2021-12-10 05:45:41,2023-12-28 02:47:00,726,726,15,62
2023-11-25 11:50:01,2024-02-27 06:26:42,727,727,89,79
2022-11-30 10:08:42,2024-02-07 06:43:17,728,728,83,35
2023-04-21 04:31:02,2024-03-29 19:58:48,729,729,47,30
2023-04-07 14:58:14,2024-05-31 00:50:45,730,730,69,65
2022-01-07 10:51:44,2025-03-29 00:19:17,731,731,45,71
2022-05-16 07:04:50,2024-05-22 18:34:12,732,732,80,16
2023-11-17 20:50:16,2024-05-13 18:30:31,733,733,47,43
2023-12-02 01:43:41,2024-02-12 02:38:41,734,734,88,85
2022-12-11 13:26:35,2025-07-28 01:15:52,735,735,47,86
2022-10-21 05:35:36,2024-07-12 02:12:27,736,736,83,72
2022-03-28 09:53:08,2025-04-05 13:41:18,737,737,49,70
2022-03-11 01:45:25,2025-01-06 23:22:32,738,738,73,84
2023-06-07 13:59:45,2024-10-27 12:13:20,739,739,36,76
2021-12-17 04:57:13,2025-07-23 14:21:48,740,740,23,47
2023-06-01 14:00:07,2025-04-18 09:49:19,741,741,67,47
2022-04-11 09:49:42,2025-01-29 23:55:44,742,742,28,55
2023-03-19 10:31:44,2024-01-08 07:15:33,743,743,76,27
2023-04-18 02:35:21,2024-08-29 21:21:05,744,744,3,36
2023-01-10 08:16:10,2025-01-25 00:01:43,745,745,36,33
2023-07-19 03:13:12,2024-12-14 23:17:14,746,746,61,3
2022-01-13 09:34:32,2024-02-19 01:28:04,747,747,8,94
2023-06-11 00:30:21,2024-11-12 06:01:52,748,748,60,9
2023-03-21 15:10:40,2025-03-06 07:15:34,749,749,85,67
2022-05-02 11:50:34,2024-12-11 00:34:07,750,750,37,98
2023-03-05 21:59:28,2024-05-21 03:57:12,751,751,1,59
2023-10-28 01:35:53,2025-09-17 10:26:52,752,752,81,90
2022-07-02 03:14:31,2025-06-13 14:04:16,753,753,62,38
2022-02-18 05:32:05,2025-01-28 22:53:15,754,754,21,41
2023-05-24 17:49:44,2025-05-09 17:34:02,755,755,80,78
2022-06-10 16:51:39,2024-12-06 09:19:51,756,756,4,42
2023-01-16 12:56:16,2025-07-11 21:02:31,757,757,37,21
2023-07-31 16:32:50,2024-01-06 20:10:37,758,758,48,55
2021-12-19 16:26:19,2024-05-04 09:33:02,759,759,62,96
2023-11-26 00:38:15,2025-08-27 15:24:38,760,760,55,7
2022-06-28 14:22:22,2025-06-02 06:58:19,761,761,82,16
2023-03-31 03:01:19,2025-01-29 19:54:18,762,762,94,12
2023-12-10 23:14:28,2024-03-22 02:40:07,763,763,28,73
2023-11-19 12:13:39,2025-08-07 09:08:08,764,764,85,60
2023-01-04 06:31:11,2024-08-31 11:07:59,765,765,60,15
2023-10-28 19:28:08,2025-09-11 03:14:01,766,766,62,44
2023-10-15 14:48:07,2024-07-21 15:50:47,767,767,54,64
2022-04-12 08:40:32,2025-05-04 11:03:21,768,768,100,6
2022-08-28 12:55:44,2025-06-27 09:01:16,769,769,69,60
2023-06-10 15:39:10,2024-04-28 23:12:18,770,770,52,74
2022-07-12 19:23:25,2024-03-11 10:11:36,771,771,95,29
2023-05-16 14:03:34,2025-05-30 12:46:43,772,772,96,100
2023-02-19 10:32:02,2024-05-04 18:16:47,773,773,10,38
2023-04-06 22:14:09,2025-08-15 01:35:07,774,774,80,66
2022-07-02 18:56:47,2024-01-03 05:25:06,775,775,64,27
2023-05-02 07:27:41,2024-04-02 11:50:12,776,776,52,13
2022-10-31 12:40:09,2024-04-18 09:57:25,777,777,62,48
2023-01-06 19:32:20,2024-08-07 15:48:34,778,778,61,36
2023-12-17 08:35:37,2024-05-04 23:05:38,779,779,29,43
2022-05-02 02:04:50,2024-10-03 05:55:15,780,780,52,73
2023-05-13 01:30:01,2024-08-02 18:33:42,781,781,52,41
2023-03-08 14:14:20,2024-12-24 07:42:54,782,782,57,83
2023-11-25 16:46:59,2025-04-13 14:26:50,783,783,27,33
2023-01-08 14:06:53,2024-09-06 23:52:32,784,784,11,70
2023-09-03 15:42:25,2025-09-05 06:49:45,785,785,13,31
2022-05-20 03:09:37,2025-02-16 20:09:14,786,786,76,6
2022-01-22 03:19:15,2025-03-29 05:56:35,787,787,15,3
2023-10-31 09:17:14,2024-03-27 07:47:14,788,788,37,86
2023-06-19 14:03:45,2025-03-22 14:19:01,789,789,57,80
2023-04-14 17:09:19,2025-08-21 14:42:03,790,790,62,5
2022-01-25 08:46:03,2024-01-20 23:19:17,791,791,32,86
2022-12-04 21:27:36,2024-11-01 20:48:30,792,792,33,72
2022-07-13 23:50:31,2025-08-29 08:53:27,793,793,6,58
2023-12-11 04:31:48,2024-02-18 10:32:37,794,794,24,97
2022-11-15 09:15:32,2024-03-24 19:20:38,795,795,82,61
2022-09-14 06:12:03,2023-12-30 13:53:55,796,796,22,36
2023-11-23 17:37:39,2025-06-11 04:37:54,797,797,7,99
2022-02-11 20:59:14,2025-07-30 06:22:30,798,798,70,97
2022-06-27 14:01:56,2024-08-06 00:38:46,799,799,19,6
2022-11-05 19:02:51,2025-06-01 23:25:20,800,800,23,85
2022-11-21 05:09:22,2024-05-29 20:50:00,801,801,13,79
2022-12-14 21:44:40,2024-08-02 01:05:11,802,802,2,91
2022-12-20 15:14:42,2025-01-07 05:50:33,803,803,59,90
2022-08-09 17:44:37,2025-01-09 12:30:25,804,804,8,55
2022-03-13 04:15:23,2025-05-22 01:04:29,805,805,29,14
2023-09-03 05:02:52,2025-05-05 05:13:35,806,806,18,82
2023-10-28 20:30:47,2024-10-28 00:07:25,807,807,72,28
2022-05-30 07:14:51,2025-03-30 16:34:47,808,808,50,63
2022-04-16 20:34:23,2024-07-03 01:53:20,809,809,17,6
2023-01-11 00:06:59,2024-01-12 22:53:03,810,810,95,54
2023-10-02 05:07:27,2024-06-29 03:52:05,811,811,3,25
2022-12-18 14:41:58,2024-09-20 19:09:49,812,812,69,30
2023-02-12 07:33:57,2025-04-15 12:57:53,813,813,87,79
2023-08-29 17:47:20,2025-04-01 16:52:51,814,814,84,16
2023-10-13 10:04:09,2025-01-22 03:07:03,815,815,71,29
2022-02-28 20:47:41,2025-05-23 01:11:20,816,816,91,67
2023-12-12 19:13:46,2025-07-17 16:21:26,817,817,3,90
2022-09-27 17:44:35,2024-12-13 04:47:32,818,818,81,44
2022-09-11 08:44:12,2024-03-31 12:24:28,819,819,85,45
2022-09-06 02:02:28,2024-04-14 22:55:59,820,820,42,86
2023-11-07 11:59:24,2024-07-02 01:08:49,821,821,7,9
2023-10-27 19:08:34,2024-03-10 14:06:39,822,822,97,77
2023-02-16 01:43:51,2024-11-29 14:23:39,823,823,2,29
2023-12-04 08:39:55,2024-05-01 07:51:12,824,824,42,25
2022-08-31 06:38:14,2024-09-12 15:08:43,825,825,9,28
2021-12-17 15:30:53,2024-11-13 00:47:34,826,826,41,15
2022-01-21 01:41:21,2024-01-28 23:03:58,827,827,19,18
2023-03-25 06:58:53,2024-08-13 07:40:55,828,828,6,70
2023-08-01 00:37:04,2024-01-21 09:47:24,829,829,64,13
2022-04-11 23:42:24,2024-04-07 16:02:28,830,830,29,57
2023-11-10 10:02:44,2025-06-27 16:16:16,831,831,43,80
2023-09-07 19:04:09,2025-04-05 03:58:16,832,832,99,8
2022-12-11 10:37:15,2024-08-27 05:07:29,833,833,75,75
2022-03-22 19:52:45,2024-09-17 20:31:21,834,834,4,64
2022-08-30 15:38:51,2024-07-19 20:01:16,835,835,86,86
2022-03-04 19:49:36,2025-09-04 16:05:01,836,836,81,54
2023-06-11 21:31:55,2024-02-02 12:35:03,837,837,34,72
2023-02-15 00:06:20,2025-05-24 10:38:09,838,838,87,76
2022-04-29 07:35:38,2024-12-13 12:42:13,839,839,56,73
2022-07-09 19:18:50,2024-12-27 11:08:21,840,840,78,80
2023-11-09 23:32:50,2024-04-14 22:31:25,841,841,31,20
2023-12-09 18:03:02,2024-05-01 00:32:08,842,842,9,29
2023-05-11 01:26:58,2024-10-29 05:05:04,843,843,29,77
2022-07-27 23:13:25,2025-05-29 20:00:19,844,844,32,28
2022-01-09 18:24:27,2025-02-10 03:43:16,845,845,47,84
2022-09-20 18:46:44,2024-10-14 12:07:45,846,846,51,71
2021-12-08 09:48:29,2024-10-07 07:48:19,847,847,17,86
2022-06-01 05:33:19,2025-06-12 12:21:37,848,848,52,72
2022-09-02 10:03:37,2024-11-28 20:05:34,849,849,77,10
2022-11-27 17:03:36,2024-12-04 13:49:44,850,850,45,12
2023-03-25 03:12:09,2024-04-20 14:03:27,851,851,97,1
2022-07-17 02:51:09,2025-02-03 04:23:50,852,852,81,13
2023-07-02 19:00:58,2024-06-05 03:17:25,853,853,49,2
2021-12-27 06:36:04,2024-03-14 12:15:27,854,854,52,58
2022-11-18 14:43:13,2024-12-04 10:24:42,855,855,18,9
2023-12-05 16:33:58,2025-08-20 07:06:07,856,856,66,42
2023-10-22 06:31:57,2024-03-05 15:44:19,857,857,5,37
2022-06-03 18:19:46,2024-05-13 17:50:48,858,858,72,63
2022-03-28 02:33:28,2024-08-04 09:10:32,859,859,35,25
2022-07-21 05:51:46,2024-10-31 13:51:54,860,860,44,34
2022-12-06 09:29:56,2024-10-12 14:29:06,861,861,81,100
2023-04-10 01:35:37,2025-02-22 23:48:20,862,862,84,47
2022-01-08 18:23:40,2023-12-23 19:47:26,863,863,11,16
2023-07-26 15:55:37,2025-09-04 21:04:50,864,864,97,15
2022-09-23 05:44:44,2025-05-29 13:45:07,865,865,90,28
2022-01-12 19:07:40,2024-08-12 08:02:24,866,866,81,39
2022-09-04 13:47:14,2025-07-22 17:59:02,867,867,42,69
2023-07-17 03:56:38,2025-07-27 19:23:36,868,868,64,6
2022-05-21 01:16:16,2025-02-07 18:33:01,869,869,38,10
2023-10-06 19:57:28,2025-02-04 23:47:22,870,870,68,81
2022-11-12 21:51:05,2025-02-10 04:07:03,871,871,4,71
2021-12-11 16:57:37,2024-08-28 21:12:42,872,872,70,54
2023-10-04 17:02:02,2025-08-21 20:23:13,873,873,87,29
2022-02-14 19:08:45,2024-06-08 07:58:08,874,874,92,16
2022-05-03 11:42:37,2025-03-03 06:59:01,875,875,71,2
2022-04-08 21:52:59,2024-09-25 21:07:48,876,876,63,81
2023-08-31 23:33:25,2025-06-27 04:31:22,877,877,56,55
2022-09-09 06:00:03,2024-10-17 02:12:23,878,878,39,56
2022-05-26 13:03:03,2025-03-25 03:44:13,879,879,57,41
2023-11-12 08:40:20,2024-06-25 19:32:47,880,880,23,84
2023-07-04 13:12:45,2024-10-11 03:05:24,881,881,76,50
2022-09-07 03:03:57,2024-07-04 12:51:31,882,882,43,82
2023-07-21 19:27:03,2025-03-24 02:37:52,883,883,31,8
2022-05-17 02:09:13,2024-12-30 21:32:53,884,884,7,9
2023-11-04 19:00:21,2024-08-01 13:43:36,885,885,95,18
2022-12-26 09:43:31,2025-04-26 04:41:20,886,886,2,40
2023-07-19 20:58:48,2024-08-19 07:00:53,887,887,50,42
2022-08-24 13:10:50,2024-09-03 22:10:03,888,888,53,5
2022-12-31 07:07:40,2024-07-13 02:25:48,889,889,92,61
2021-12-08 01:00:53,2025-05-16 15:26:42,890,890,31,81
2023-11-28 01:42:38,2025-08-30 18:52:10,891,891,81,35
2023-09-09 04:21:31,2024-04-03 23:10:03,892,892,23,17
2022-01-08 20:29:23,2024-09-17 20:01:41,893,893,33,91
2022-08-27 17:14:15,2024-11-01 11:46:00,894,894,56,28
2022-01-25 01:03:50,2024-04-17 05:47:14,895,895,91,96
2022-02-08 04:23:53,2023-12-20 01:16:08,896,896,86,95
2023-03-26 21:50:15,2024-02-15 18:26:50,897,897,22,98
2023-08-31 09:14:43,2025-07-17 12:32:21,898,898,50,8
2023-02-06 23:46:10,2025-02-07 18:09:23,899,899,3,9
2023-11-24 20:53:28,2024-03-08 12:28:06,900,900,65,98
2023-09-30 20:49:34,2023-12-24 05:30:38,901,901,2,45
2022-11-12 14:08:46,2024-12-01 03:56:49,902,902,52,20
2022-05-07 13:29:17,2024-02-13 00:49:36,903,903,25,35
2022-04-18 20:31:33,2025-01-04 09:03:29,904,904,14,20
2022-12-30 22:35:04,2025-08-25 05:45:12,905,905,45,53
2022-01-06 09:28:00,2024-08-24 10:01:13,906,906,19,4
2023-10-04 19:23:57,2025-02-19 06:05:24,907,907,58,93
2022-09-05 13:32:38,2024-06-13 21:23:33,908,908,20,79
2022-10-11 05:13:13,2024-12-17 15:00:59,909,909,25,52
2023-07-12 18:57:10,2023-12-24 14:30:56,910,910,26,88
2023-04-02 14:54:21,2025-04-29 00:38:51,911,911,32,11
2023-10-24 06:27:22,2024-02-18 17:40:55,912,912,10,64
2022-12-23 09:30:12,2025-03-20 11:36:57,913,913,42,7
2023-06-11 08:02:38,2025-04-15 13:36:09,914,914,57,5
2022-02-27 20:27:12,2025-05-21 00:06:50,915,915,63,87
2022-08-31 10:43:08,2025-08-24 12:15:40,916,916,22,94
2022-10-06 10:28:27,2025-08-30 22:31:52,917,917,30,60
2023-07-07 12:40:58,2025-08-05 02:30:05,918,918,42,18
2022-12-24 23:08:39,2025-02-26 18:53:25,919,919,35,100
2022-09-10 11:49:40,2025-06-24 18:19:24,920,920,79,68
2022-02-17 05:54:23,2025-07-24 20:36:27,921,921,48,14
2022-11-21 20:40:56,2024-07-22 03:18:29,922,922,76,95
2022-12-26 08:51:24,2024-05-26 16:35:51,923,923,99,96
2023-06-04 03:38:33,2024-02-22 01:46:23,924,924,57,52
2022-02-16 00:44:30,2025-05-10 05:35:23,925,925,62,61
2022-10-28 12:49:37,2024-05-12 20:58:24,926,926,54,31
2022-08-05 19:08:40,2025-03-29 23:20:11,927,927,75,83
2023-10-14 01:35:49,2024-08-04 13:33:08,928,928,49,31
2023-01-07 20:32:05,2025-08-05 02:43:36,929,929,21,70
2022-02-24 15:32:30,2024-03-11 03:07:30,930,930,75,54
2022-08-04 13:44:36,2025-03-09 21:14:40,931,931,2,10
2021-12-26 08:16:40,2024-01-31 22:16:57,932,932,51,88
2023-08-06 12:07:32,2025-04-29 15:21:52,933,933,65,39
2022-08-15 16:58:52,2025-01-23 05:22:27,934,934,26,16
2023-04-06 00:51:09,2024-07-14 06:44:43,935,935,93,3
2022-09-26 07:50:07,2024-06-17 06:55:38,936,936,54,73
2023-03-20 16:03:58,2024-01-16 00:54:21,937,937,65,23
2022-08-01 04:31:14,2024-05-26 12:45:54,938,938,38,79
2023-09-07 17:21:33,2024-09-19 11:47:14,939,939,43,22
2022-02-07 22:54:27,2025-03-04 08:14:46,940,940,68,60
2022-05-19 07:59:37,2024-06-08 10:37:56,941,941,70,8
2023-08-02 22:25:37,2024-11-04 19:14:49,942,942,82,47
2023-05-16 17:10:54,2025-05-24 09:42:45,943,943,10,41
2023-11-04 19:12:10,2024-12-26 22:59:22,944,944,19,30
2022-04-19 08:54:40,2025-07-31 04:36:35,945,945,51,74
2023-07-19 19:35:18,2024-05-09 16:54:20,946,946,92,88
2023-10-16 07:15:53,2024-11-23 20:24:15,947,947,78,62
2021-12-13 03:02:30,2024-07-08 10:09:40,948,948,57,23
2023-10-14 09:19:21,2024-05-11 14:54:35,949,949,41,95
2023-07-20 20:35:07,2025-04-26 11:50:10,950,950,95,54
2021-12-25 20:46:19,2023-12-31 18:06:50,951,951,12,24
2022-05-08 09:10:06,2024-02-17 18:54:03,952,952,57,91
2023-11-12 23:47:11,2024-02-21 21:59:04,953,953,68,28
2022-08-27 01:50:17,2025-07-26 13:49:52,954,954,37,9
2021-12-18 22:58:04,2024-10-05 11:25:00,955,955,94,55
2023-05-14 15:28:00,2024-10-24 13:00:43,956,956,62,29
2022-07-28 23:29:51,2024-01-04 05:54:35,957,957,26,45
2022-07-19 13:46:20,2025-07-08 06:23:58,958,958,8,90
2023-09-20 12:49:43,2024-06-06 19:24:26,959,959,40,51
2023-06-15 12:21:38,2024-03-24 17:07:58,960,960,39,5
2022-04-07 22:16:38,2024-11-12 08:39:35,961,961,9,23
2022-09-10 21:50:01,2025-06-15 11:38:38,962,962,27,33
2022-07-16 13:45:11,2025-08-15 04:56:28,963,963,20,13
2023-02-04 08:13:37,2025-06-19 03:50:27,964,964,4,60
2022-12-05 14:04:24,2025-01-02 12:48:43,965,965,45,87
2023-07-05 02:47:32,2025-05-18 14:07:56,966,966,78,60
2023-08-13 00:39:46,2025-03-20 19:31:35,967,967,30,60
2023-10-27 08:40:48,2025-01-23 22:32:08,968,968,61,51
2023-11-14 12:21:25,2025-01-08 03:54:39,969,969,24,25
2023-11-25 09:42:02,2024-09-05 04:13:58,970,970,6,49
2023-09-16 15:20:13,2024-02-19 12:43:48,971,971,71,40
2023-01-28 11:25:04,2024-06-12 00:25:56,972,972,38,84
2022-01-31 06:14:02,2024-05-28 08:30:29,973,973,71,96
2022-05-27 15:36:16,2024-07-05 07:58:13,974,974,97,17
2022-03-02 19:20:00,2024-08-26 16:55:32,975,975,79,90
2023-05-25 08:56:16,2024-09-09 17:17:54,976,976,19,29
2023-08-12 07:10:32,2025-07-16 08:25:11,977,977,99,29
2022-07-23 14:36:29,2024-01-10 23:13:12,978,978,51,21
2023-01-09 14:35:15,2024-10-18 02:03:59,979,979,51,1
2023-10-17 11:58:45,2024-05-13 03:20:08,980,980,74,76
2022-11-17 04:12:12,2024-09-08 10:29:55,981,981,62,50
2022-04-13 08:08:34,2025-04-23 08:11:05,982,982,7,77
2022-04-02 10:54:54,2025-08-05 20:23:06,983,983,71,37
2022-03-19 21:13:30,2024-01-01 21:23:18,984,984,71,72
2023-10-02 04:10:03,2025-08-16 19:56:14,985,985,14,48
2022-03-10 17:07:12,2024-06-29 19:13:57,986,986,90,9
2023-04-16 06:41:29,2024-09-02 14:23:58,987,987,35,67
2022-05-28 18:47:14,2025-01-05 02:22:21,988,988,77,14
2023-09-24 05:32:41,2023-12-22 19:14:59,989,989,41,69
2022-04-20 19:38:39,2024-12-18 01:00:47,990,990,52,53
2023-02-18 06:58:23,2025-06-28 10:27:49,991,991,48,6
2023-01-16 09:51:33,2024-04-02 18:40:19,992,992,71,62
2022-09-07 07:11:19,2024-09-04 20:17:17,993,993,82,92
2022-10-09 08:57:36,2024-10-26 13:38:52,994,994,83,21
2023-02-12 00:44:19,2024-07-18 23:43:01,995,995,90,98
2023-12-09 13:50:50,2024-07-21 10:12:37,996,996,58,2
2023-08-23 01:45:23,2025-01-30 16:54:28,997,997,49,38
2022-10-03 06:51:23,2025-07-28 23:29:32,998,998,13,17
2022-02-16 08:02:32,2025-07-10 00:27:49,999,999,47,24
2022-11-02 15:52:18,2024-04-22 03:51:05,1000,1000,36,73
